{"cameraMode":{"drawMode":0,"name":"Shaded","section":"Shading Mode"},"sceneLighting":true,"audioPlay":false,"sceneViewState":{"m_AlwaysRefresh":false,"showFog":true,"showSkybox":true,"showFlares":true,"showImageEffects":true,"showParticleSystems":true,"showVisualEffectGraphs":true,"m_FxEnabled":true},"in2DMode":false,"pivot":{"x":-0.570605993270874,"y":-0.5552533864974976,"z":-0.48796358704566958},"rotation":{"x":-0.06294041126966477,"y":0.02963441051542759,"z":-0.0018692808225750924,"w":-0.9975763559341431},"size":9.794377326965332,"orthographic":false}